mes,ano
julho,2021
agosto,2020
novembro,2018
novembro,2017
julho,2018
julho,2018
maio,2018
dezembro,2017
dezembro,2017
setembro,2017
setembro,2017
agosto,2017
agosto,2017
maio,2017
abril,2017
marco,2017
outubro,2016
agosto,2016
junho,2016
marco,2016
marco,2015
agosto,2015
maio,2015
dezembro,2018
julho,2021
agosto,2020
novembro,2018
novembro,2017
julho,2018
julho,2021
agosto,2020
novembro,2018
novembro,2017
julho,2018
julho,2021
agosto,2020
novembro,2018
novembro,2017
julho,2018
julho,2021
agosto,2020
novembro,2018
novembro,2017
julho,2018
julho,2021
agosto,2020
novembro,2018
novembro,2017
julho,2018
julho,2021
agosto,2020
novembro,2018
novembro,2017
julho,2018
julho,2021
agosto,2020
novembro,2018
novembro,2017
julho,2018
julho,2021
agosto,2020
novembro,2018
novembro,2017
julho,2018
julho,2021
agosto,2020
novembro,2018
novembro,2017
julho,2018
julho,2021
agosto,2020
novembro,2018
novembro,2017
julho,2018
julho,2021
agosto,2020
novembro,2018
novembro,2017
julho,2018
julho,2021
agosto,2020
novembro,2018
novembro,2017
julho,2018
julho,2021
agosto,2020
novembro,2018
novembro,2017
julho,2018
julho,2021
agosto,2020
novembro,2018
novembro,2017
julho,2018
julho,2021
agosto,2020
novembro,2018
novembro,2017
julho,2018
julho,2021
agosto,2020
novembro,2018
novembro,2017
julho,2018
julho,2021
agosto,2020
novembro,2018
novembro,2017
julho,2018
julho,2021
agosto,2020
novembro,2018
novembro,2017
julho,2018
julho,2021
agosto,2020
novembro,2018
novembro,2017
julho,2018
julho,2021
agosto,2020
novembro,2018
novembro,2017
julho,2018
julho,2021
agosto,2020
novembro,2018
novembro,2017
julho,2018
julho,2021
agosto,2020
novembro,2018
novembro,2017
julho,2018
julho,2021
agosto,2020
novembro,2018
novembro,2017
julho,2018
julho,2021
agosto,2020
novembro,2018
novembro,2017
julho,2018
julho,2021
agosto,2020
novembro,2018
novembro,2017
julho,2018
julho,2021
agosto,2020
novembro,2018
novembro,2017
julho,2018
julho,2021
agosto,2020
novembro,2018
novembro,2017
julho,2018
julho,2021
agosto,2020
novembro,2018
novembro,2017
julho,2018
julho,2021
agosto,2020
novembro,2018
novembro,2017
julho,2018
julho,2021
agosto,2020
novembro,2018
novembro,2017
julho,2018
julho,2021
agosto,2020
novembro,2018
novembro,2017
julho,2018
julho,2021
agosto,2020
novembro,2018
novembro,2017
julho,2018
julho,2021
agosto,2020
novembro,2018
novembro,2017
julho,2018
julho,2021
agosto,2020
novembro,2018
novembro,2017
julho,2018
julho,2021
agosto,2020
novembro,2018
novembro,2017
julho,2018
julho,2021
agosto,2020
novembro,2018
novembro,2017
julho,2018
julho,2021
agosto,2020
novembro,2018
novembro,2017
julho,2018
julho,2021
agosto,2020
novembro,2018
novembro,2017
julho,2018
julho,2021
agosto,2020
novembro,2018
novembro,2017
julho,2018
julho,2021
agosto,2020
novembro,2018
novembro,2017
julho,2018
julho,2021
agosto,2020
novembro,2018
novembro,2017
julho,2018
julho,2021
agosto,2020
novembro,2018
novembro,2017
julho,2018
julho,2021
agosto,2020
novembro,2018
novembro,2017
julho,2018
julho,2021
agosto,2020
novembro,2018
novembro,2017
julho,2018
julho,2021
agosto,2020
novembro,2018
novembro,2017
julho,2018
julho,2021
agosto,2020
novembro,2018
novembro,2017
julho,2018
julho,2021
agosto,2020
novembro,2018
novembro,2017
julho,2018
julho,2021
agosto,2020
novembro,2018
novembro,2017
julho,2018
julho,2021
agosto,2020
novembro,2018
novembro,2017
julho,2018
julho,2021
agosto,2020
novembro,2018
novembro,2017
julho,2018
julho,2021
agosto,2020
novembro,2018
novembro,2017
julho,2018
julho,2021
agosto,2020
novembro,2018
novembro,2017
julho,2018
julho,2021
agosto,2020
novembro,2018
novembro,2017
julho,2018
julho,2021
agosto,2020
novembro,2018
novembro,2017
julho,2018
julho,2021
agosto,2020
novembro,2018
novembro,2017
julho,2018
julho,2021
agosto,2020
novembro,2018
novembro,2017
julho,2018
julho,2021
agosto,2020
novembro,2018
novembro,2017
julho,2018
julho,2021
agosto,2020
novembro,2018
novembro,2017
julho,2018
julho,2021
agosto,2020
novembro,2018
novembro,2017
julho,2018
julho,2021
agosto,2020
novembro,2018
novembro,2017
julho,2018
julho,2021
agosto,2020
novembro,2018
novembro,2017
julho,2018
julho,2021
agosto,2020
novembro,2018
novembro,2017
julho,2018
julho,2021
agosto,2020
novembro,2018
novembro,2017
julho,2018
julho,2021
agosto,2020
novembro,2018
novembro,2017
julho,2018
julho,2021
agosto,2020
novembro,2018
novembro,2017
julho,2018
julho,2021
agosto,2020
novembro,2018
novembro,2017
julho,2018
julho,2021
agosto,2020
novembro,2018
novembro,2017
julho,2018
julho,2021
agosto,2020
novembro,2018
novembro,2017
julho,2018
julho,2021
agosto,2020
novembro,2018
novembro,2017
julho,2018
julho,2021
agosto,2020
novembro,2018
novembro,2017
julho,2018
julho,2021
agosto,2020
novembro,2018
novembro,2017
julho,2018
julho,2021
agosto,2020
novembro,2018
novembro,2017
julho,2018
julho,2021
agosto,2020
novembro,2018
novembro,2017
julho,2018
julho,2021
agosto,2020
novembro,2018
novembro,2017
julho,2018
julho,2021
agosto,2020
novembro,2018
novembro,2017
julho,2018
julho,2021
agosto,2020
novembro,2018
novembro,2017
julho,2018
julho,2021
agosto,2020
novembro,2018
novembro,2017
julho,2018
julho,2021
agosto,2020
novembro,2018
novembro,2017
julho,2018
julho,2021
agosto,2020
novembro,2018
novembro,2017
julho,2018
julho,2021
agosto,2020
novembro,2018
novembro,2017
julho,2018
julho,2021
agosto,2020
novembro,2018
novembro,2017
julho,2018
julho,2021
agosto,2020
novembro,2018
novembro,2017
julho,2018
julho,2021
agosto,2020
novembro,2018
novembro,2017
julho,2018
julho,2021
agosto,2020
novembro,2018
novembro,2017
julho,2018
julho,2021
agosto,2020
novembro,2018
novembro,2017
julho,2018
julho,2021
agosto,2020
novembro,2018
novembro,2017
julho,2018
julho,2021
agosto,2020
novembro,2018
novembro,2017
julho,2018
julho,2021
agosto,2020
novembro,2018
novembro,2017
julho,2018
julho,2021
agosto,2020
novembro,2018
novembro,2017
julho,2018
julho,2021
agosto,2020
novembro,2018
novembro,2017
julho,2018
julho,2021
agosto,2020
novembro,2018
novembro,2017
julho,2018
julho,2021
agosto,2020
novembro,2018
novembro,2017
julho,2018
julho,2021
agosto,2020
novembro,2018
novembro,2017
julho,2018
julho,2021
agosto,2020
novembro,2018
novembro,2017
julho,2018
julho,2021
agosto,2020
novembro,2018
novembro,2017
julho,2018
julho,2021
agosto,2020
novembro,2018
novembro,2017
julho,2018
julho,2021
agosto,2020
novembro,2018
novembro,2017
julho,2018
julho,2021
agosto,2020
novembro,2018
novembro,2017
julho,2018
julho,2021
agosto,2020
novembro,2018
novembro,2017
julho,2018
julho,2021
agosto,2020
novembro,2018
novembro,2017
julho,2018
julho,2021
agosto,2020
novembro,2018
novembro,2017
julho,2018
julho,2021
agosto,2020
novembro,2018
novembro,2017
julho,2018
julho,2021
agosto,2020
novembro,2018
novembro,2017
julho,2018
julho,2021
agosto,2020
novembro,2018
novembro,2017
julho,2018
julho,2021
agosto,2020
novembro,2018
novembro,2017
julho,2018
julho,2021
agosto,2020
novembro,2018
novembro,2017
julho,2018
julho,2021
agosto,2020
novembro,2018
novembro,2017
julho,2018
julho,2021
agosto,2020
novembro,2018
novembro,2017
julho,2018
julho,2021
agosto,2020
novembro,2018
novembro,2017
julho,2018
julho,2021
agosto,2020
novembro,2018
novembro,2017
julho,2018
julho,2021
agosto,2020
novembro,2018
novembro,2017
julho,2018
julho,2021
agosto,2020
novembro,2018
novembro,2017
julho,2018
julho,2021
agosto,2020
novembro,2018
novembro,2017
julho,2018
julho,2021
agosto,2020
novembro,2018
novembro,2017
julho,2018
julho,2021
agosto,2020
novembro,2018
novembro,2017
julho,2018
julho,2021
agosto,2020
novembro,2018
novembro,2017
julho,2018
julho,2021
agosto,2020
novembro,2018
novembro,2017
julho,2018
julho,2021
agosto,2020
novembro,2018
novembro,2017
julho,2018
julho,2021
agosto,2020
novembro,2018
novembro,2017
julho,2018
julho,2021
agosto,2020
novembro,2018
novembro,2017
julho,2018
julho,2021
agosto,2020
novembro,2018
novembro,2017
julho,2018
julho,2021
agosto,2020
novembro,2018
novembro,2017
julho,2018
julho,2021
agosto,2020
novembro,2018
novembro,2017
julho,2018
julho,2021
agosto,2020
novembro,2018
novembro,2017
julho,2018
julho,2021
agosto,2020
novembro,2018
novembro,2017
julho,2018
julho,2021
agosto,2020
novembro,2018
novembro,2017
julho,2018
julho,2021
agosto,2020
novembro,2018
novembro,2017
julho,2018
julho,2021
agosto,2020
novembro,2018
novembro,2017
julho,2018
julho,2021
agosto,2020
novembro,2018
novembro,2017
julho,2018
julho,2021
agosto,2020
novembro,2018
novembro,2017
julho,2018
julho,2021
agosto,2020
novembro,2018
novembro,2017
julho,2018
julho,2021
agosto,2020
novembro,2018
novembro,2017
julho,2018
julho,2021
agosto,2020
novembro,2018
novembro,2017
julho,2018
julho,2021
agosto,2020
novembro,2018
novembro,2017
julho,2018
julho,2021
agosto,2020
novembro,2018
novembro,2017
julho,2018
julho,2021
agosto,2020
novembro,2018
novembro,2017
julho,2018
julho,2021
agosto,2020
novembro,2018
novembro,2017
julho,2018
julho,2021
agosto,2020
novembro,2018
novembro,2017
julho,2018
julho,2021
agosto,2020
novembro,2018
novembro,2017
julho,2018
julho,2021
agosto,2020
novembro,2018
novembro,2017
julho,2018
julho,2021
agosto,2020
novembro,2018
novembro,2017
julho,2018
julho,2021
agosto,2020
novembro,2018
novembro,2017
julho,2018
julho,2021
agosto,2020
novembro,2018
novembro,2017
julho,2018
julho,2021
agosto,2020
novembro,2018
novembro,2017
julho,2018
julho,2021
agosto,2020
novembro,2018
novembro,2017
julho,2018
julho,2021
agosto,2020
novembro,2018
novembro,2017
julho,2018
julho,2021
agosto,2020
novembro,2018
novembro,2017
julho,2018
julho,2021
agosto,2020
novembro,2018
novembro,2017
julho,2018
julho,2021
agosto,2020
novembro,2018
novembro,2017
julho,2018
julho,2021
agosto,2020
novembro,2018
novembro,2017
julho,2018
julho,2021
agosto,2020
novembro,2018
novembro,2017
julho,2018
julho,2021
agosto,2020
novembro,2018
novembro,2017
julho,2018
julho,2021
agosto,2020
novembro,2018
novembro,2017
julho,2018
julho,2021
agosto,2020
novembro,2018
novembro,2017
julho,2018
julho,2021
agosto,2020
novembro,2018
novembro,2017
julho,2018
julho,2021
agosto,2020
novembro,2018
novembro,2017
julho,2018
julho,2021
agosto,2020
novembro,2018
novembro,2017
julho,2018
julho,2021
agosto,2020
novembro,2018
novembro,2017
julho,2018
julho,2021
agosto,2020
novembro,2018
novembro,2017
julho,2018
julho,2021
agosto,2020
novembro,2018
novembro,2017
julho,2018
julho,2021
agosto,2020
novembro,2018
novembro,2017
julho,2018
julho,2021
agosto,2020
novembro,2018
novembro,2017
julho,2018
julho,2021
agosto,2020
novembro,2018
novembro,2017
julho,2018
julho,2021
agosto,2020
novembro,2018
novembro,2017
julho,2018
julho,2021
agosto,2020
novembro,2018
novembro,2017
julho,2018
julho,2021
agosto,2020
novembro,2018
novembro,2017
julho,2018
julho,2021
agosto,2020
novembro,2018
novembro,2017
julho,2018
julho,2021
agosto,2020
novembro,2018
novembro,2017
julho,2018
julho,2021
agosto,2020
novembro,2018
novembro,2017
julho,2018
julho,2021
agosto,2020
novembro,2018
novembro,2017
julho,2018
julho,2021
agosto,2020
novembro,2018
novembro,2017
julho,2018
julho,2021
agosto,2020
novembro,2018
novembro,2017
julho,2018
julho,2021
agosto,2020
novembro,2018
novembro,2017
julho,2018
julho,2021
agosto,2020
novembro,2018
novembro,2017
julho,2018
julho,2021
agosto,2020
novembro,2018
novembro,2017
julho,2018
julho,2021
agosto,2020
novembro,2018
novembro,2017
julho,2018
julho,2021
agosto,2020
novembro,2018
novembro,2017
julho,2018
julho,2021
agosto,2020
novembro,2018
novembro,2017
julho,2018
julho,2021
agosto,2020
novembro,2018
novembro,2017
julho,2018
julho,2021
agosto,2020
novembro,2018
novembro,2017
julho,2018
julho,2021
agosto,2020
novembro,2018
novembro,2017
julho,2018
julho,2021
agosto,2020
novembro,2018
novembro,2017
julho,2018
julho,2021
agosto,2020
novembro,2018
novembro,2017
julho,2018
julho,2021
agosto,2020
novembro,2018
novembro,2017
julho,2018
julho,2021
agosto,2020
novembro,2018
novembro,2017
julho,2018
julho,2021
agosto,2020
novembro,2018
novembro,2017
julho,2018
julho,2021
agosto,2020
novembro,2018
novembro,2017
julho,2018
julho,2021
agosto,2020
novembro,2018
novembro,2017
julho,2018
julho,2021
agosto,2020
novembro,2018
novembro,2017
julho,2018
julho,2021
agosto,2020
novembro,2018
novembro,2017
julho,2018
julho,2021
agosto,2020
novembro,2018
novembro,2017
julho,2018
julho,2021
agosto,2020
novembro,2018
novembro,2017
julho,2018
julho,2021
agosto,2020
novembro,2018
novembro,2017
julho,2018
